Id,Prediction
2751,functional
2752,non functional
2753,non functional
2754,non functional
2755,non functional
2756,functional
2757,functional
2758,functional
2759,functional
2760,non functional
2761,functional
2762,functional
2763,non functional
2764,non functional
2765,non functional
2766,functional
2767,non functional
2768,functional
2769,functional
2770,non functional
2771,functional
2772,functional
2773,non functional
2774,functional
2775,non functional
2776,functional
2777,non functional
2778,functional
2779,functional
2780,non functional
2781,non functional
2782,non functional
2783,non functional
2784,non functional
2785,non functional
2786,functional
2787,non functional
2788,functional
2789,functional
2790,functional
2791,functional
2792,functional
2793,non functional
2794,non functional
2795,functional
2796,non functional
2797,functional
2798,non functional
2799,non functional
2800,non functional
2801,functional
2802,functional
2803,non functional
2804,functional
2805,functional
2806,functional
2807,functional
2808,non functional
2809,non functional
2810,functional
2811,functional
2812,non functional
2813,non functional
2814,functional
2815,functional
2816,non functional
2817,functional
2818,non functional
2819,functional
2820,non functional
2821,non functional
2822,non functional
2823,non functional
2824,functional
2825,functional
2826,functional
2827,functional
2828,functional
2829,non functional
2830,functional
2831,non functional
2832,non functional
2833,functional
2834,functional
2835,functional
2836,non functional
2837,non functional
2838,functional
2839,functional
2840,functional
2841,functional
2842,functional
2843,non functional
2844,non functional
2845,functional
2846,non functional
2847,functional
2848,functional
2849,functional
2850,functional
2851,functional
2852,non functional
2853,functional
2854,non functional
2855,functional
2856,functional
2857,functional
2858,functional
2859,non functional
2860,non functional
2861,functional
2862,non functional
2863,functional
2864,non functional
2865,non functional
2866,non functional
2867,functional
2868,functional
2869,functional
2870,functional
2871,non functional
2872,functional
2873,functional
2874,functional
2875,functional
2876,functional
2877,non functional
2878,functional
2879,functional
2880,functional
2881,functional
2882,non functional
2883,non functional
2884,functional
2885,functional
2886,non functional
2887,non functional
2888,non functional
2889,non functional
2890,non functional
2891,functional
2892,functional
2893,functional
2894,non functional
2895,non functional
2896,non functional
2897,functional
2898,non functional
2899,non functional
2900,non functional
2901,non functional
2902,functional
2903,non functional
2904,functional
2905,functional
2906,non functional
2907,functional
2908,functional
2909,functional
2910,non functional
2911,functional
2912,non functional
2913,functional
2914,non functional
2915,non functional
2916,functional
2917,functional
2918,non functional
2919,non functional
2920,functional
2921,non functional
2922,functional
2923,functional
2924,non functional
2925,functional
2926,functional
2927,non functional
2928,non functional
2929,non functional
2930,non functional
2931,non functional
2932,non functional
2933,non functional
2934,non functional
2935,non functional
2936,non functional
2937,non functional
2938,functional
2939,non functional
2940,non functional
2941,non functional
2942,non functional
2943,non functional
2944,non functional
2945,functional needs repair
2946,non functional
2947,functional
2948,non functional
2949,non functional
2950,functional
2951,functional
2952,non functional
2953,non functional
2954,functional
2955,non functional
2956,non functional
2957,functional
2958,functional
2959,functional
2960,non functional
2961,functional
2962,functional
2963,functional
2964,functional
2965,non functional
2966,non functional
2967,functional
2968,functional
2969,non functional
2970,functional
2971,functional
2972,non functional
2973,functional
2974,non functional
2975,functional
2976,non functional
2977,functional
2978,non functional
2979,functional needs repair
2980,functional
2981,non functional
2982,non functional
2983,functional
2984,functional
2985,non functional
2986,non functional
2987,non functional
2988,functional
2989,functional
2990,non functional
2991,non functional
2992,non functional
2993,non functional
2994,functional
2995,functional
2996,functional
2997,non functional
2998,non functional
2999,non functional
3000,functional
3001,functional
3002,functional
3003,non functional
3004,functional
3005,non functional
3006,non functional
3007,non functional
3008,non functional
3009,non functional
3010,functional needs repair
3011,functional
3012,functional
3013,functional
3014,functional
3015,non functional
3016,functional
3017,non functional
3018,non functional
3019,non functional
3020,functional
3021,non functional
3022,non functional
3023,functional
3024,non functional
3025,non functional
3026,functional
3027,functional
3028,functional
3029,non functional
3030,functional needs repair
3031,functional
3032,functional
3033,non functional
3034,functional
3035,functional needs repair
3036,non functional
3037,functional needs repair
3038,functional
3039,non functional
3040,functional
3041,non functional
3042,functional needs repair
3043,functional
3044,functional
3045,functional
3046,functional needs repair
3047,functional
3048,functional
3049,functional
3050,functional
3051,functional
3052,functional
3053,functional
3054,functional needs repair
3055,functional
3056,functional
3057,functional
3058,functional
3059,functional
3060,functional
3061,functional
3062,functional
3063,functional
3064,functional
3065,functional
3066,functional needs repair
3067,functional
3068,non functional
3069,functional
3070,functional needs repair
3071,functional needs repair
3072,functional needs repair
3073,functional
3074,functional
3075,functional
3076,functional
3077,non functional
3078,functional
3079,functional needs repair
3080,functional
3081,functional
3082,functional
3083,functional
3084,functional needs repair
3085,functional needs repair
3086,functional needs repair
3087,non functional
3088,functional
3089,functional
3090,functional needs repair
3091,functional
3092,non functional
3093,functional
3094,functional
3095,functional needs repair
3096,functional
3097,functional
3098,functional needs repair
3099,functional
3100,functional
3101,non functional
3102,non functional
3103,functional needs repair
3104,non functional
3105,functional
3106,functional
3107,functional
3108,functional
3109,non functional
3110,functional
3111,functional
3112,functional
3113,functional
3114,functional
3115,functional needs repair
3116,functional
3117,functional
3118,functional
3119,non functional
3120,functional
3121,functional
3122,functional
3123,functional needs repair
3124,non functional
3125,functional
3126,functional
3127,functional
3128,functional
3129,functional
3130,functional needs repair
3131,functional
3132,non functional
3133,functional
3134,non functional
3135,functional
3136,functional
3137,functional
3138,functional
3139,functional
3140,functional
3141,functional needs repair
3142,functional
3143,functional
3144,functional
3145,functional
3146,functional
3147,functional
3148,non functional
3149,functional
3150,non functional
3151,functional
3152,functional
3153,non functional
3154,functional needs repair
3155,functional
3156,non functional
3157,non functional
3158,functional
3159,non functional
3160,functional needs repair
3161,non functional
3162,functional needs repair
3163,functional
3164,non functional
3165,functional
3166,functional needs repair
3167,functional
3168,functional
3169,non functional
3170,non functional
3171,functional
3172,functional
3173,functional needs repair
3174,functional
3175,functional
3176,non functional
3177,functional needs repair
3178,non functional
3179,functional
3180,non functional
3181,functional
3182,functional needs repair
3183,functional
3184,non functional
3185,functional
3186,functional needs repair
3187,functional needs repair
3188,functional
3189,functional
3190,functional needs repair
3191,non functional
3192,functional
3193,functional
3194,functional
3195,functional needs repair
3196,functional
3197,functional
3198,non functional
3199,functional
3200,functional
3201,functional
3202,non functional
3203,functional
3204,non functional
3205,functional needs repair
3206,functional
3207,functional
3208,functional
3209,functional
3210,non functional
3211,functional
3212,functional
3213,functional
3214,functional needs repair
3215,functional
3216,functional
3217,non functional
3218,functional
3219,functional
3220,functional
3221,functional
3222,functional
3223,non functional
3224,non functional
3225,non functional
3226,functional needs repair
3227,functional
3228,functional
3229,functional needs repair
3230,functional
3231,non functional
3232,functional
3233,functional
3234,functional needs repair
3235,functional
3236,functional
3237,functional
3238,functional
3239,functional
3240,functional
3241,functional needs repair
3242,functional
3243,non functional
3244,functional
3245,functional
3246,functional
3247,functional
3248,functional
3249,functional
3250,non functional
3251,functional
3252,functional
3253,non functional
3254,functional needs repair
3255,functional
3256,non functional
3257,non functional
3258,non functional
3259,functional
3260,non functional
3261,non functional
3262,functional
3263,functional
3264,functional
3265,functional
3266,non functional
3267,functional
3268,functional
3269,functional
3270,functional
3271,non functional
3272,non functional
3273,functional
3274,functional
3275,functional
3276,non functional
3277,non functional
3278,functional
3279,functional
3280,functional needs repair
3281,functional needs repair
3282,non functional
3283,functional
3284,functional
3285,functional
3286,functional needs repair
3287,functional
3288,non functional
3289,functional
3290,functional needs repair
3291,functional
3292,non functional
3293,functional
3294,functional
3295,functional
3296,functional
3297,functional
3298,non functional
3299,functional
3300,functional needs repair
3301,functional
3302,functional
3303,functional
3304,functional
3305,functional
3306,functional
3307,functional needs repair
3308,functional
3309,functional
3310,functional
3311,functional needs repair
3312,functional
3313,functional
3314,functional
3315,non functional
3316,functional
3317,functional
3318,non functional
3319,non functional
3320,functional
3321,functional
3322,non functional
3323,functional
3324,functional
3325,functional
3326,functional
3327,functional
3328,functional
3329,functional
3330,functional
3331,non functional
3332,functional
3333,functional
3334,functional
3335,functional
3336,functional
3337,functional
3338,functional needs repair
3339,non functional
3340,functional
3341,non functional
3342,functional
3343,functional
3344,non functional
3345,non functional
3346,functional
3347,functional
3348,functional
3349,functional needs repair
3350,non functional
3351,functional
3352,functional
3353,functional
3354,functional
3355,non functional
3356,functional
3357,functional
3358,non functional
3359,functional needs repair
3360,functional
3361,functional
3362,functional
3363,non functional
3364,non functional
3365,functional
3366,functional
3367,non functional
3368,non functional
3369,non functional
3370,non functional
3371,functional needs repair
3372,functional
3373,non functional
3374,non functional
3375,functional
3376,functional
3377,functional needs repair
3378,non functional
3379,functional
3380,non functional
3381,non functional
3382,functional
3383,non functional
3384,functional
3385,functional needs repair
3386,functional
3387,non functional
3388,functional
3389,functional
3390,non functional
3391,non functional
3392,non functional
3393,non functional
3394,non functional
3395,functional
3396,non functional
3397,functional
3398,functional needs repair
3399,functional needs repair
3400,non functional
3401,functional
3402,functional
3403,functional
3404,functional
3405,functional
3406,functional
3407,functional
3408,functional
3409,functional
3410,non functional
3411,functional
3412,functional
3413,functional
3414,functional
3415,functional
3416,non functional
3417,functional
3418,functional
3419,functional
3420,functional
3421,functional
3422,functional
3423,functional
3424,non functional
3425,functional
3426,functional
3427,functional
3428,functional
3429,functional
3430,functional
3431,functional
3432,functional
3433,functional
3434,non functional
3435,functional
3436,functional
3437,functional needs repair
3438,functional
3439,functional
3440,non functional
3441,functional
3442,non functional
3443,functional
3444,non functional
3445,functional
3446,non functional
3447,functional
3448,non functional
3449,functional
3450,non functional
3451,functional
3452,non functional
3453,functional
3454,functional needs repair
3455,functional
3456,non functional
3457,functional
3458,non functional
3459,functional
3460,functional
3461,non functional
3462,functional
3463,functional needs repair
3464,functional
3465,functional
3466,functional
3467,functional
3468,non functional
3469,functional
3470,functional needs repair
3471,functional
3472,non functional
3473,functional
3474,functional
3475,non functional
3476,non functional
3477,functional
3478,non functional
3479,functional
3480,functional
3481,functional
3482,functional
3483,functional
3484,functional
3485,non functional
3486,functional
3487,functional
3488,non functional
3489,functional
3490,functional
3491,functional
3492,non functional
3493,functional
3494,functional
3495,functional
3496,functional
3497,non functional
3498,non functional
3499,non functional
3500,functional needs repair
3501,non functional
3502,non functional
3503,non functional
3504,functional needs repair
3505,functional
3506,functional
3507,functional needs repair
3508,functional
3509,non functional
3510,functional
3511,functional
3512,non functional
3513,functional
3514,functional
3515,functional
3516,functional
3517,non functional
3518,functional
3519,non functional
3520,functional
3521,functional
3522,non functional
3523,functional
3524,functional
3525,functional
3526,non functional
3527,non functional
3528,functional
3529,functional
3530,functional
3531,functional
3532,functional
3533,functional
3534,functional
3535,functional
3536,functional
3537,functional
3538,non functional
3539,functional needs repair
3540,functional needs repair
3541,functional
3542,functional
3543,functional
3544,functional
3545,functional
3546,functional
3547,functional
3548,functional
3549,functional
3550,non functional
3551,functional
3552,functional
3553,non functional
3554,non functional
3555,non functional
3556,functional
3557,non functional
3558,functional needs repair
3559,non functional
3560,functional needs repair
3561,functional
3562,non functional
3563,functional
3564,non functional
3565,functional
3566,functional
3567,functional
3568,functional
3569,functional
3570,functional
3571,non functional
3572,functional
3573,functional
3574,functional
3575,functional
3576,functional
3577,functional needs repair
3578,non functional
3579,functional
3580,functional
3581,functional
3582,non functional
3583,functional
3584,functional
3585,functional
3586,functional
3587,non functional
3588,functional needs repair
3589,functional
3590,functional
3591,functional
3592,functional
3593,functional
3594,functional
3595,functional needs repair
3596,functional
3597,non functional
3598,functional
3599,functional needs repair
3600,non functional
3601,non functional
3602,non functional
3603,functional needs repair
3604,functional
3605,functional needs repair
3606,functional
3607,functional
3608,functional
3609,functional
3610,functional
3611,functional
3612,non functional
3613,functional
3614,functional
3615,functional
3616,non functional
3617,functional
3618,functional
3619,non functional
3620,functional
3621,functional
3622,non functional
3623,functional
3624,functional
3625,functional
3626,non functional
3627,functional
3628,non functional
3629,functional
3630,non functional
3631,non functional
3632,functional
3633,non functional
3634,functional needs repair
3635,non functional
3636,functional
3637,non functional
3638,functional
3639,functional
3640,functional needs repair
3641,functional
3642,functional
3643,functional
3644,non functional
3645,functional
3646,non functional
3647,functional
3648,functional
3649,functional
3650,functional
3651,non functional
3652,functional
3653,functional
3654,non functional
3655,functional
3656,functional
3657,functional
3658,functional
3659,functional
3660,functional
3661,non functional
3662,functional
3663,functional
3664,functional
3665,functional
3666,non functional
3667,functional
3668,functional
3669,non functional
3670,functional
3671,non functional
3672,functional
3673,functional
3674,non functional
3675,non functional
3676,functional
3677,non functional
3678,functional
3679,functional
3680,functional
3681,functional
3682,non functional
3683,non functional
3684,non functional
3685,functional
3686,functional
3687,functional
3688,non functional
3689,functional
3690,functional
3691,functional
3692,functional
3693,non functional
3694,non functional
3695,non functional
3696,functional
3697,functional
3698,functional
3699,functional
3700,functional
3701,functional
3702,non functional
3703,non functional
3704,functional
3705,functional
3706,functional
3707,functional
3708,functional
3709,non functional
3710,functional
3711,non functional
3712,functional
3713,functional
3714,non functional
3715,functional
3716,functional
3717,functional
3718,functional
3719,functional
3720,functional
3721,non functional
3722,non functional
3723,functional needs repair
3724,functional
3725,non functional
3726,functional
3727,functional
3728,functional
3729,non functional
3730,functional
3731,non functional
3732,functional
3733,non functional
3734,functional
3735,non functional
3736,functional
3737,functional
3738,non functional
3739,non functional
3740,non functional
3741,non functional
3742,non functional
3743,functional
3744,functional
3745,non functional
3746,functional
3747,functional
3748,functional
3749,functional
3750,functional
3751,functional
3752,functional
3753,functional
3754,functional
3755,non functional
3756,functional
3757,non functional
3758,functional
3759,functional
3760,non functional
3761,functional
3762,functional
3763,functional
3764,non functional
3765,non functional
3766,functional
3767,non functional
3768,non functional
3769,non functional
3770,non functional
3771,functional
3772,functional
3773,functional
3774,functional
3775,functional
3776,functional
3777,functional
3778,functional
3779,non functional
3780,functional
3781,functional
3782,functional
3783,non functional
3784,functional
3785,functional
3786,functional
3787,functional
3788,functional
3789,non functional
3790,functional
3791,functional
3792,non functional
3793,non functional
3794,functional
3795,non functional
3796,functional
3797,functional
3798,functional
3799,functional
3800,functional
3801,functional
3802,functional
3803,functional
3804,functional
3805,functional
3806,functional
3807,functional
3808,functional
3809,functional
3810,functional needs repair
3811,functional
3812,non functional
3813,non functional
3814,functional
3815,functional
3816,non functional
3817,non functional
3818,non functional
3819,functional
3820,functional
3821,functional
3822,functional
3823,functional
3824,functional
3825,functional
3826,functional
3827,functional
3828,functional
3829,functional
3830,functional
3831,functional
3832,non functional
3833,functional
3834,functional
3835,non functional
3836,non functional
3837,non functional
3838,functional
3839,non functional
3840,functional
3841,functional
3842,functional
3843,non functional
3844,functional
3845,functional
3846,non functional
3847,non functional
3848,functional
3849,functional
3850,non functional
3851,functional
3852,functional
3853,functional
3854,functional
3855,functional
3856,functional
3857,non functional
3858,functional
3859,functional
3860,functional
3861,non functional
3862,non functional
3863,functional
3864,non functional
3865,functional
3866,functional
3867,functional
3868,functional
3869,functional
3870,non functional
3871,functional
3872,functional
3873,non functional
3874,non functional
3875,functional
3876,functional
3877,functional
3878,non functional
3879,functional
3880,functional
3881,functional
3882,non functional
3883,non functional
3884,non functional
3885,functional
3886,non functional
3887,non functional
3888,non functional
3889,functional
3890,functional
3891,non functional
3892,non functional
3893,functional
3894,non functional
3895,functional
3896,functional
3897,non functional
3898,non functional
3899,functional
3900,functional
3901,functional
3902,functional
3903,functional
3904,functional
3905,functional
3906,functional
3907,non functional
3908,non functional
3909,functional
3910,functional
3911,non functional
3912,functional
3913,functional
3914,functional
3915,functional
3916,non functional
3917,non functional
3918,functional
3919,functional
3920,non functional
3921,non functional
3922,non functional
3923,functional
3924,non functional
3925,functional
3926,non functional
3927,functional
3928,non functional
3929,non functional
3930,functional
3931,functional
3932,functional
3933,functional
3934,functional
3935,functional
3936,non functional
3937,functional
3938,non functional
3939,non functional
3940,functional
3941,non functional
3942,non functional
3943,functional
3944,non functional
3945,functional
3946,functional
3947,functional
3948,functional
3949,non functional
3950,functional
3951,non functional
3952,non functional
3953,functional
3954,non functional
3955,non functional
3956,functional
3957,functional
3958,functional
3959,functional
3960,functional
3961,functional
3962,non functional
3963,functional
3964,functional
3965,non functional
3966,functional
3967,functional
3968,non functional
3969,functional
3970,functional
3971,functional
3972,functional
3973,non functional
3974,functional
3975,functional needs repair
3976,functional
3977,non functional
3978,non functional
3979,functional
3980,functional
3981,functional needs repair
3982,functional
3983,non functional
3984,functional
3985,non functional
3986,functional
3987,functional
3988,functional
3989,functional
3990,non functional
3991,non functional
3992,functional
3993,non functional
3994,non functional
3995,functional
3996,non functional
3997,functional
3998,functional
3999,functional
4000,functional
4001,non functional
4002,non functional
4003,non functional
4004,functional
4005,non functional
4006,functional
4007,non functional
4008,non functional
4009,functional
4010,non functional
4011,non functional
4012,non functional
4013,non functional
4014,non functional
4015,functional
4016,non functional
4017,functional
4018,non functional
4019,non functional
4020,non functional
4021,functional
4022,functional
4023,functional
4024,functional
4025,non functional
4026,functional
4027,non functional
4028,functional
4029,non functional
4030,functional
4031,functional
4032,non functional
4033,non functional
4034,non functional
4035,functional
4036,functional
4037,non functional
4038,functional
4039,functional
4040,functional
4041,functional
4042,non functional
4043,functional
4044,functional
4045,functional
4046,functional
4047,functional
4048,functional
4049,non functional
4050,functional
4051,functional
4052,non functional
4053,functional
4054,functional
4055,functional
4056,functional
4057,functional
4058,non functional
4059,non functional
4060,non functional
4061,functional
4062,functional
4063,functional
4064,functional
4065,functional
4066,non functional
4067,functional
4068,functional
4069,non functional
4070,functional
4071,non functional
4072,non functional
4073,functional
4074,non functional
4075,non functional
4076,non functional
4077,non functional
4078,functional
4079,non functional
4080,functional
4081,functional
4082,functional
4083,non functional
4084,functional
4085,non functional
4086,non functional
4087,functional
4088,functional
4089,functional
4090,non functional
4091,functional
4092,functional
4093,non functional
4094,non functional
4095,non functional
4096,functional
4097,non functional
4098,functional
4099,non functional
4100,non functional
4101,non functional
4102,functional
4103,functional
4104,non functional
4105,functional
4106,non functional
4107,non functional
4108,functional
4109,functional
4110,non functional
4111,functional
4112,non functional
4113,non functional
4114,functional
4115,functional
4116,functional
4117,non functional
4118,non functional
4119,non functional
4120,functional
4121,functional
4122,functional
4123,functional
4124,non functional
4125,functional
4126,functional
4127,non functional
4128,non functional
4129,functional
4130,non functional
4131,functional
4132,functional
4133,non functional
4134,non functional
4135,functional
4136,non functional
4137,non functional
4138,non functional
4139,functional
4140,non functional
4141,functional
4142,non functional
4143,functional
4144,non functional
4145,functional
4146,functional
4147,functional
4148,functional
4149,functional
4150,functional
4151,functional
4152,non functional
4153,functional
4154,functional
4155,functional
4156,non functional
4157,functional
4158,non functional
4159,non functional
4160,functional
4161,functional
4162,non functional
4163,non functional
4164,non functional
4165,non functional
4166,non functional
4167,non functional
4168,non functional
4169,functional
4170,non functional
4171,non functional
4172,non functional
4173,non functional
4174,functional
4175,non functional
4176,functional
4177,non functional
4178,functional
4179,functional
4180,non functional
4181,functional
4182,non functional
4183,functional
4184,non functional
4185,functional
4186,non functional
4187,functional
4188,non functional
4189,non functional
4190,functional
4191,functional
4192,functional
4193,functional
4194,functional
4195,non functional
4196,non functional
4197,functional
4198,non functional
4199,non functional
4200,non functional
4201,non functional
4202,non functional
4203,non functional
4204,functional
4205,non functional
4206,non functional
4207,functional
4208,non functional
4209,non functional
4210,non functional
4211,non functional
4212,functional
4213,functional
4214,functional
4215,non functional
4216,non functional
4217,non functional
4218,functional
4219,non functional
4220,non functional
4221,functional
4222,non functional
4223,non functional
4224,functional
4225,non functional
4226,functional
4227,non functional
4228,functional
4229,non functional
4230,non functional
4231,functional
4232,functional
4233,functional
4234,non functional
4235,non functional
4236,non functional
4237,non functional
4238,non functional
4239,non functional
4240,non functional
4241,non functional
4242,non functional
4243,non functional
4244,functional
4245,non functional
4246,functional
4247,non functional
4248,non functional
4249,non functional
4250,functional
4251,non functional
4252,non functional
4253,non functional
4254,non functional
4255,non functional
4256,non functional
4257,non functional
4258,functional
4259,non functional
4260,non functional
4261,functional
4262,non functional
4263,functional
4264,functional
4265,non functional
4266,non functional
4267,non functional
4268,functional
4269,non functional
4270,functional
4271,functional
4272,non functional
4273,functional
4274,functional
4275,functional
4276,functional
4277,functional
4278,functional
4279,functional
4280,non functional
4281,functional
4282,functional
4283,non functional
4284,non functional
4285,non functional
4286,functional
4287,non functional
4288,functional
4289,functional
4290,functional
4291,non functional
4292,non functional
4293,non functional
4294,functional
4295,functional
4296,functional
4297,functional
4298,functional
4299,functional
4300,functional
4301,functional
4302,functional
4303,functional
4304,functional
4305,non functional
4306,functional
4307,non functional
4308,functional
4309,functional
4310,non functional
4311,functional
4312,non functional
4313,functional
4314,functional
4315,non functional
4316,non functional
4317,functional
4318,functional
4319,functional
4320,non functional
4321,functional
4322,functional
4323,non functional
4324,functional
4325,non functional
4326,functional
4327,functional
4328,non functional
4329,non functional
4330,functional
4331,functional
4332,functional
4333,functional
4334,functional
4335,non functional
4336,functional
4337,non functional
4338,functional
4339,non functional
4340,functional
4341,functional
4342,functional
4343,functional
4344,non functional
4345,non functional
4346,functional
4347,functional
4348,functional
4349,non functional
4350,functional
4351,non functional
4352,non functional
4353,non functional
4354,functional
4355,functional
4356,functional
4357,functional
4358,non functional
4359,functional
4360,non functional
4361,non functional
4362,functional
4363,functional
4364,functional
4365,functional
4366,functional
4367,functional
4368,functional
4369,functional
4370,functional
4371,functional
4372,functional
4373,functional
4374,functional
4375,functional
4376,functional
4377,non functional
4378,functional
4379,non functional
4380,functional
4381,functional
4382,functional
4383,functional
4384,functional
4385,functional
4386,non functional
4387,functional
4388,non functional
4389,non functional
4390,functional
4391,non functional
4392,functional
4393,functional
4394,functional
4395,functional
4396,non functional
4397,functional
4398,functional
4399,non functional
4400,functional
4401,functional
4402,non functional
4403,functional
4404,functional
4405,functional
4406,non functional
4407,functional
4408,non functional
4409,functional
4410,functional
4411,non functional
4412,functional
4413,functional
4414,non functional
4415,non functional
4416,non functional
4417,functional
4418,non functional
4419,functional
4420,functional
4421,functional
4422,functional
4423,functional
4424,functional
4425,functional
4426,functional
4427,functional
4428,functional
4429,functional
4430,functional
4431,non functional
4432,functional
4433,functional
4434,functional
4435,functional
4436,functional
4437,functional
4438,functional
4439,functional
4440,functional
4441,functional
4442,non functional
4443,functional
4444,functional
4445,functional
4446,functional
4447,functional
4448,non functional
4449,non functional
4450,non functional
4451,non functional
4452,functional
4453,functional
4454,non functional
4455,functional
4456,functional
4457,non functional
4458,functional
4459,non functional
4460,functional
4461,functional
4462,functional
4463,functional
4464,functional
4465,functional
4466,functional
4467,functional
4468,functional
4469,functional
4470,functional
4471,functional
4472,functional
4473,functional
4474,functional
4475,functional
4476,functional
4477,functional
4478,functional
4479,functional
4480,functional
4481,non functional
4482,non functional
4483,functional
4484,non functional
4485,non functional
4486,non functional
4487,functional
4488,functional
4489,non functional
4490,non functional
4491,functional
4492,non functional
4493,functional
4494,functional
4495,functional
4496,functional
4497,non functional
4498,non functional
4499,functional
4500,functional
4501,non functional
4502,non functional
4503,non functional
4504,non functional
4505,non functional
4506,non functional
4507,functional
4508,functional
4509,functional
4510,non functional
4511,functional
4512,functional
4513,non functional
4514,functional
4515,functional
4516,functional
4517,non functional
4518,non functional
4519,non functional
4520,functional
4521,non functional
4522,functional
4523,non functional
4524,non functional
4525,functional
4526,non functional
4527,functional
4528,non functional
4529,non functional
4530,functional
4531,functional
4532,non functional
4533,functional
4534,non functional
4535,functional
4536,non functional
4537,functional
4538,functional
4539,non functional
4540,functional
4541,non functional
4542,non functional
4543,non functional
4544,functional
4545,functional
4546,non functional
4547,non functional
4548,functional
4549,non functional
4550,non functional
4551,functional
4552,non functional
4553,non functional
4554,non functional
4555,functional
4556,non functional
4557,functional
4558,functional
4559,non functional
4560,functional
4561,functional
4562,functional
4563,functional
4564,non functional
4565,non functional
4566,functional
4567,non functional
4568,non functional
4569,functional
4570,functional
4571,non functional
4572,non functional
4573,non functional
4574,non functional
4575,non functional
4576,non functional
4577,non functional
4578,functional
4579,functional
4580,non functional
4581,functional
4582,non functional
4583,non functional
4584,functional
4585,non functional
4586,non functional
4587,functional
4588,non functional
4589,non functional
4590,non functional
4591,functional
4592,functional
4593,functional
4594,non functional
4595,non functional
4596,functional
4597,functional
4598,non functional
4599,functional
4600,non functional
4601,non functional
4602,non functional
4603,non functional
4604,functional
4605,non functional
4606,non functional
4607,functional
4608,non functional
4609,non functional
4610,functional
4611,functional
4612,non functional
4613,non functional
4614,non functional
4615,functional
4616,non functional
4617,non functional
4618,non functional
4619,functional needs repair
4620,functional
4621,functional
4622,non functional
4623,functional
4624,functional
4625,non functional
4626,functional
4627,non functional
4628,functional
4629,functional
4630,non functional
4631,non functional
4632,non functional
4633,functional
4634,non functional
4635,functional
4636,functional
4637,non functional
4638,non functional
4639,non functional
4640,functional
4641,non functional
4642,non functional
4643,non functional
4644,functional
4645,non functional
4646,non functional
4647,non functional
4648,functional
4649,non functional
4650,non functional
4651,non functional
4652,non functional
4653,functional
4654,functional needs repair
4655,non functional
4656,functional
4657,non functional
4658,functional
4659,functional
4660,non functional
4661,functional
4662,non functional
4663,non functional
4664,functional
4665,functional
4666,functional needs repair
4667,non functional
4668,non functional
4669,non functional
4670,functional
4671,non functional
4672,non functional
4673,functional
4674,non functional
4675,non functional
4676,non functional
4677,functional
4678,non functional
4679,non functional
4680,non functional
4681,non functional
4682,non functional
4683,functional
4684,non functional
4685,non functional
4686,functional
4687,non functional
4688,functional
4689,non functional
4690,non functional
4691,non functional
4692,non functional
4693,non functional
4694,functional
4695,functional
4696,non functional
4697,non functional
4698,non functional
4699,non functional
4700,non functional
4701,non functional
4702,non functional
4703,non functional
4704,functional
4705,non functional
4706,functional needs repair
4707,non functional
4708,non functional
4709,non functional
4710,functional
4711,non functional
4712,non functional
4713,non functional
4714,non functional
4715,non functional
4716,non functional
4717,functional
4718,non functional
4719,non functional
4720,non functional
4721,functional
4722,functional
4723,functional
4724,functional
4725,non functional
4726,functional
4727,non functional
4728,functional
4729,functional
4730,functional
4731,non functional
4732,functional
4733,non functional
4734,functional
4735,functional
4736,non functional
4737,functional
4738,functional
4739,functional
4740,functional
4741,non functional
4742,functional
4743,non functional
4744,functional
4745,non functional
4746,non functional
4747,functional
4748,non functional
4749,functional
4750,functional
